"","CONCEPT_ID","CONCEPT_NAME","STANDARD_CONCEPT","STANDARD_CONCEPT_CAPTION","INVALID_REASON","INVALID_REASON_CAPTION","CONCEPT_CODE","DOMAIN_ID","VOCABULARY_ID","CONCEPT_CLASS_ID"
"1",372599,"Severe mixed bipolar I disorder without psychotic features","S","Standard","V","Valid","46229002","Condition","SNOMED","Clinical Finding"
"2",432290,"Mild bipolar I disorder, single manic episode","S","Standard","V","Valid","41552001","Condition","SNOMED","Clinical Finding"
"3",432866,"Bipolar I disorder, single manic episode","S","Standard","V","Valid","9340000","Condition","SNOMED","Clinical Finding"
"4",432876,"Bipolar I disorder","S","Standard","V","Valid","371596008","Condition","SNOMED","Clinical Finding"
"5",433743,"Mixed bipolar I disorder in remission","S","Standard","V","Valid","35481005","Condition","SNOMED","Clinical Finding"
"6",433992,"Bipolar affective disorder, currently manic, moderate","S","Standard","V","Valid","191621009","Condition","SNOMED","Clinical Finding"
"7",435225,"Depressed bipolar I disorder in full remission","S","Standard","V","Valid","22121000","Condition","SNOMED","Clinical Finding"
"8",435226,"Bipolar affective disorder, current episode mixed","S","Standard","V","Valid","192362008","Condition","SNOMED","Clinical Finding"
"9",436072,"Bipolar disorder in partial remission","S","Standard","V","Valid","5703000","Condition","SNOMED","Clinical Finding"
"10",436086,"Manic bipolar I disorder in full remission","S","Standard","V","Valid","30935000","Condition","SNOMED","Clinical Finding"
"11",436386,"Severe depressed bipolar I disorder with psychotic features","S","Standard","V","Valid","59617007","Condition","SNOMED","Clinical Finding"
"12",436665,"Bipolar disorder","S","Standard","V","Valid","13746004","Condition","SNOMED","Clinical Finding"
"13",437250,"Mild depressed bipolar I disorder","S","Standard","V","Valid","74686005","Condition","SNOMED","Clinical Finding"
"14",437528,"Bipolar affective disorder, currently depressed, moderate","S","Standard","V","Valid","191630001","Condition","SNOMED","Clinical Finding"
"15",437529,"Mixed bipolar I disorder in partial remission","S","Standard","V","Valid","36583000","Condition","SNOMED","Clinical Finding"
"16",438129,"Severe manic bipolar I disorder with psychotic features, mood-congruent","S","Standard","V","Valid","78640000","Condition","SNOMED","Clinical Finding"
"17",439001,"Severe mixed bipolar I disorder with psychotic features","S","Standard","V","Valid","10981006","Condition","SNOMED","Clinical Finding"
"18",439243,"Bipolar affective disorder, currently depressed, severe, with psychosis","N","Non-Standard","U","Invalid","191632009","Condition","SNOMED","Clinical Finding"
"19",439244,"Bipolar affective disorder, currently depressed, severe, without mention of psychosis","N","Non-Standard","U","Invalid","191631002","Condition","SNOMED","Clinical Finding"
"20",439245,"Mixed bipolar affective disorder, in full remission","S","Standard","V","Valid","191643001","Condition","SNOMED","Clinical Finding"
"21",439246,"Mixed bipolar affective disorder, severe, with psychosis","S","Standard","V","Valid","191641004","Condition","SNOMED","Clinical Finding"
"22",439247,"Mixed bipolar affective disorder, severe, without mention of psychosis","N","Non-Standard","U","Invalid","191640003","Condition","SNOMED","Clinical Finding"
"23",439248,"Mixed bipolar affective disorder, moderate","S","Standard","V","Valid","191639000","Condition","SNOMED","Clinical Finding"
"24",439249,"Mixed bipolar affective disorder, mild","S","Standard","V","Valid","191638008","Condition","SNOMED","Clinical Finding"
"25",439250,"Mixed bipolar affective disorder","S","Standard","V","Valid","191636007","Condition","SNOMED","Clinical Finding"
"26",439251,"Bipolar affective disorder, currently depressed, in full remission","S","Standard","V","Valid","191634005","Condition","SNOMED","Clinical Finding"
"27",439253,"Bipolar affective disorder, currently depressed, mild","S","Standard","V","Valid","191629006","Condition","SNOMED","Clinical Finding"
"28",439254,"Bipolar affective disorder, current episode depression","S","Standard","V","Valid","191627008","Condition","SNOMED","Clinical Finding"
"29",439255,"Bipolar affective disorder, currently manic, in full remission","S","Standard","V","Valid","191625000","Condition","SNOMED","Clinical Finding"
"30",439256,"Bipolar affective disorder, currently manic, severe, with psychosis","S","Standard","V","Valid","191623007","Condition","SNOMED","Clinical Finding"
"31",439257,"Bipolar affective disorder, currently manic, severe, without mention of psychosis","N","Non-Standard","U","Invalid","191622002","Condition","SNOMED","Clinical Finding"
"32",439785,"Moderate mixed bipolar I disorder","S","Standard","V","Valid","40926005","Condition","SNOMED","Clinical Finding"
"33",440067,"Moderate bipolar I disorder, single manic episode","S","Standard","V","Valid","28884001","Condition","SNOMED","Clinical Finding"
"34",440078,"Bipolar affective disorder, current episode manic","S","Standard","V","Valid","191618007","Condition","SNOMED","Clinical Finding"
"35",440079,"Mild mixed bipolar I disorder","S","Standard","V","Valid","43769008","Condition","SNOMED","Clinical Finding"
"36",441834,"Bipolar affective disorder, currently manic, mild","S","Standard","V","Valid","191620005","Condition","SNOMED","Clinical Finding"
"37",441836,"Depressed bipolar I disorder","S","Standard","V","Valid","49468007","Condition","SNOMED","Clinical Finding"
"38",442570,"Severe depressed bipolar I disorder without psychotic features","S","Standard","V","Valid","61403008","Condition","SNOMED","Clinical Finding"
"39",442600,"Manic bipolar I disorder in partial remission","S","Standard","V","Valid","63249007","Condition","SNOMED","Clinical Finding"
"40",443797,"Severe manic bipolar I disorder without psychotic features","S","Standard","V","Valid","162004","Condition","SNOMED","Clinical Finding"
"41",443906,"Mixed bipolar I disorder","S","Standard","V","Valid","16506000","Condition","SNOMED","Clinical Finding"
"42",1410620,"Bipolar affective disorder","N","Non-Standard","V","Valid","F31","Condition","ICD10CN","ICD10 Hierarchy"
"43",1410621,"Bipolar affective disorder, current episode hypomanic","N","Non-Standard","V","Valid","F31.0","Condition","ICD10CN","ICD10 code"
"44",1410622,"Bipolar affective disorder, current episode hypomanic","N","Non-Standard","V","Valid","F31.000","Condition","ICD10CN","ICD10 code"
"45",1410623,"Bipolar affective disorder, current episode manic without psychotic symptoms","N","Non-Standard","V","Valid","F31.1","Condition","ICD10CN","ICD10 code"
"46",1410624,"Bipolar affective disorder, current episode manic without psychotic symptoms","N","Non-Standard","V","Valid","F31.100","Condition","ICD10CN","ICD10 code"
"47",1410625,"Bipolar affective disorder, current episode manic with psychotic symptoms","N","Non-Standard","V","Valid","F31.2","Condition","ICD10CN","ICD10 code"
"48",1410626,"Bipolar affective disorder, current episode manic with psychotic symptoms","N","Non-Standard","V","Valid","F31.200","Condition","ICD10CN","ICD10 code"
"49",1410627,"Bipolar affective disorder, current episode mild or moderate depression","N","Non-Standard","V","Valid","F31.3","Condition","ICD10CN","ICD10 code"
"50",1410628,"Bipolar affective disorder, current episode mild or moderate depression","N","Non-Standard","V","Valid","F31.300","Condition","ICD10CN","ICD10 code"
"51",1410629,"Bipolar disorder, currently moderate depressive episode (machine translation)","N","Non-Standard","V","Valid","F31.301","Condition","ICD10CN","ICD10 code"
"52",1410630,"Bipolar affective disorder, current episode severe depression without psychotic symptoms","N","Non-Standard","V","Valid","F31.4","Condition","ICD10CN","ICD10 code"
"53",1410631,"Bipolar affective disorder, current episode severe depression without psychotic symptoms","N","Non-Standard","V","Valid","F31.400","Condition","ICD10CN","ICD10 code"
"54",1410632,"Bipolar affective disorder, current episode severe depression with psychotic symptoms","N","Non-Standard","V","Valid","F31.5","Condition","ICD10CN","ICD10 code"
"55",1410633,"Bipolar affective disorder, current episode severe depression with psychotic symptoms","N","Non-Standard","V","Valid","F31.500","Condition","ICD10CN","ICD10 code"
"56",1410634,"Bipolar affective disorder, current episode mixed","N","Non-Standard","V","Valid","F31.6","Condition","ICD10CN","ICD10 code"
"57",1410635,"Bipolar affective disorder, current episode mixed","N","Non-Standard","V","Valid","F31.600","Condition","ICD10CN","ICD10 code"
"58",1410636,"Bipolar affective disorder, currently in remission","N","Non-Standard","V","Valid","F31.7","Condition","ICD10CN","ICD10 code"
"59",1410638,"Bipolar affective disorder, currently in remission","N","Non-Standard","V","Valid","F31.700","Condition","ICD10CN","ICD10 code"
"60",1410639,"Other bipolar affective disorders","N","Non-Standard","V","Valid","F31.8","Condition","ICD10CN","ICD10 code"
"61",1410640,"Other bipolar affective disorders","N","Non-Standard","V","Valid","F31.800","Condition","ICD10CN","ICD10 code"
"62",1410641,"Chronic mania (machine translation)","N","Non-Standard","V","Valid","F31.801","Condition","ICD10CN","ICD10 code"
"63",1410642,"Bipolar disorder, rapid cycling (machine translation)","N","Non-Standard","V","Valid","F31.802","Condition","ICD10CN","ICD10 code"
"64",1410643,"Atypical Bipolar Disorder (machine translation)","N","Non-Standard","V","Valid","F31.803","Condition","ICD10CN","ICD10 code"
"65",1410644,"Bipolar affective disorder, unspecified","N","Non-Standard","V","Valid","F31.9","Condition","ICD10CN","ICD10 code"
"66",1410645,"Bipolar affective disorder, unspecified","N","Non-Standard","V","Valid","F31.900","Condition","ICD10CN","ICD10 code"
"67",1568211,"Bipolar disorder","N","Non-Standard","V","Valid","F31","Condition","ICD10CM","3-char nonbill code"
"68",1568212,"Bipolar disorder, current episode manic without psychotic features","N","Non-Standard","V","Valid","F31.1","Condition","ICD10CM","4-char nonbill code"
"69",1568213,"Bipolar disorder, current episode depressed, mild or moderate severity","N","Non-Standard","V","Valid","F31.3","Condition","ICD10CM","4-char nonbill code"
"70",1568214,"Bipolar disorder, current episode mixed","N","Non-Standard","V","Valid","F31.6","Condition","ICD10CM","4-char nonbill code"
"71",1568215,"Bipolar disorder, currently in remission","N","Non-Standard","V","Valid","F31.7","Condition","ICD10CM","4-char nonbill code"
"72",1568216,"Other bipolar disorders","N","Non-Standard","V","Valid","F31.8","Condition","ICD10CM","4-char nonbill code"
"73",3105256,"Other manic-depressive psychos","N","Non-Standard","U","Invalid","154874009","Condition","Nebraska Lexicon","Clinical Finding"
"74",3122546,"Bipolar affective disorder, currently manic, unspecified","N","Non-Standard","U","Invalid","191619004","Condition","Nebraska Lexicon","Clinical Finding"
"75",3122547,"Bipolar affective disorder, currently manic, severe, without mention of psychosis","N","Non-Standard","U","Invalid","191622002","Condition","Nebraska Lexicon","Clinical Finding"
"76",3122548,"Bipolar affective disorder, currently manic, in partial or unspecified remission","N","Non-Standard","U","Invalid","191624001","Condition","Nebraska Lexicon","Clinical Finding"
"77",3122549,"Bipolar affective disorder, currently manic, NOS","N","Non-Standard","U","Invalid","191626004","Condition","Nebraska Lexicon","Clinical Finding"
"78",3122550,"Bipolar affective disorder, currently depressed, unspecified","N","Non-Standard","U","Invalid","191628003","Condition","Nebraska Lexicon","Clinical Finding"
"79",3122551,"Bipolar affective disorder, currently depressed, severe, without mention of psychosis","N","Non-Standard","U","Invalid","191631002","Condition","Nebraska Lexicon","Clinical Finding"
"80",3122552,"Bipolar affective disorder, currently depressed, severe, with psychosis","N","Non-Standard","U","Invalid","191632009","Condition","Nebraska Lexicon","Clinical Finding"
"81",3122553,"Bipolar affective disorder, currently depressed, in partial or unspecified remission","N","Non-Standard","U","Invalid","191633004","Condition","Nebraska Lexicon","Clinical Finding"
"82",3122554,"Bipolar affective disorder, currently depressed, NOS","N","Non-Standard","U","Invalid","191635006","Condition","Nebraska Lexicon","Clinical Finding"
"83",3122555,"Mixed bipolar affective disorder, unspecified","N","Non-Standard","U","Invalid","191637003","Condition","Nebraska Lexicon","Clinical Finding"
"84",3122556,"Mixed bipolar affective disorder, severe, without mention of psychosis","N","Non-Standard","U","Invalid","191640003","Condition","Nebraska Lexicon","Clinical Finding"
"85",3122558,"Mixed bipolar affective disorder, in partial or unspecified remission","N","Non-Standard","U","Invalid","191642006","Condition","Nebraska Lexicon","Clinical Finding"
"86",3122559,"Mixed bipolar affective disorder, NOS","N","Non-Standard","U","Invalid","191644007","Condition","Nebraska Lexicon","Clinical Finding"
"87",3122560,"Unspecified bipolar affective disorder","N","Non-Standard","U","Invalid","191646009","Condition","Nebraska Lexicon","Clinical Finding"
"88",3122561,"Unspecified bipolar affective disorder, unspecified","N","Non-Standard","U","Invalid","191647000","Condition","Nebraska Lexicon","Clinical Finding"
"89",3122562,"Unspecified bipolar affective disorder, mild","N","Non-Standard","U","Invalid","191648005","Condition","Nebraska Lexicon","Clinical Finding"
"90",3122563,"Unspecified bipolar affective disorder, moderate","N","Non-Standard","U","Invalid","191649002","Condition","Nebraska Lexicon","Clinical Finding"
"91",3122564,"Unspecified bipolar affective disorder, severe, without mention of psychosis","N","Non-Standard","U","Invalid","191650002","Condition","Nebraska Lexicon","Clinical Finding"
"92",3122565,"Unspecified bipolar affective disorder, severe, with psychosis","N","Non-Standard","U","Invalid","191651003","Condition","Nebraska Lexicon","Clinical Finding"
"93",3122566,"Unspecified bipolar affective disorder, in partial or unspecified remission","N","Non-Standard","U","Invalid","191652005","Condition","Nebraska Lexicon","Clinical Finding"
"94",3122567,"Unspecified bipolar affective disorder, in full remission","N","Non-Standard","U","Invalid","191653000","Condition","Nebraska Lexicon","Clinical Finding"
"95",3122568,"Unspecified bipolar affective disorder, NOS","N","Non-Standard","U","Invalid","191654006","Condition","Nebraska Lexicon","Clinical Finding"
"96",3122570,"Other and unspecified manic-depressive psychoses","N","Non-Standard","U","Invalid","191656008","Condition","Nebraska Lexicon","Clinical Finding"
"97",3122571,"Unspecified manic-depressive psychoses","N","Non-Standard","U","Invalid","191657004","Condition","Nebraska Lexicon","Clinical Finding"
"98",3122572,"Other mixed manic-depressive psychoses","N","Non-Standard","U","Invalid","191660006","Condition","Nebraska Lexicon","Clinical Finding"
"99",3122573,"Other and unspecified manic-depressive psychoses NOS","N","Non-Standard","U","Invalid","191661005","Condition","Nebraska Lexicon","Clinical Finding"
"100",3122894,"Bipolar disorder","N","Non-Standard","U","Invalid","192355004","Condition","Nebraska Lexicon","Clinical Finding"
"101",3122895,"Bipolar affective disorder, currently depressed, severe, with psychosis","N","Non-Standard","U","Invalid","192361001","Condition","Nebraska Lexicon","Clinical Finding"
"102",3137638,"Bipolar II disorder","N","Non-Standard","U","Invalid","231497008","Condition","Nebraska Lexicon","Clinical Finding"
"103",3142971,"Affective psychoses: [manic depressive] or [involutional melancholia]","N","Non-Standard","U","Invalid","268749008","Condition","Nebraska Lexicon","Clinical Finding"
"104",3146669,"Other manic-depressive psychos","N","Non-Standard","U","Invalid","307525004","Condition","Nebraska Lexicon","Clinical Finding"
"105",3161480,"Bipolar 2 disorder, most recent episode rapid cycling","N","Non-Standard","U","Invalid","61771000119106","Condition","Nebraska Lexicon","Clinical Finding"
"106",3169602,"Bipolar disorder, in remission","N","Non-Standard","V","Valid","85248005","Condition","Nebraska Lexicon","Clinical Finding"
"107",3172581,"Bipolar disease in pregnancy","S","Standard","V","Valid","14530001000004106","Condition","Nebraska Lexicon","Clinical Finding"
"108",3173585,"Moderate bipolar II disorder, most recent episode major depressive","N","Non-Standard","V","Valid","35846004","Condition","Nebraska Lexicon","Clinical Finding"
"109",3174376,"Bipolar I disorder, most recent episode depressed with postpartum onset","N","Non-Standard","V","Valid","87203005","Condition","Nebraska Lexicon","Clinical Finding"
"110",3176201,"Bipolar I disorder, most recent episode manic, in remission","N","Non-Standard","V","Valid","45479006","Condition","Nebraska Lexicon","Clinical Finding"
"111",3176801,"Moderate bipolar I disorder, most recent episode mixed","N","Non-Standard","V","Valid","40926005","Condition","Nebraska Lexicon","Clinical Finding"
"112",3177012,"Bipolar I disorder, most recent episode depression","N","Non-Standard","V","Valid","767636002","Condition","Nebraska Lexicon","Clinical Finding"
"113",3189606,"Severe bipolar I disorder, single manic episode with psychotic features, mood-incongruent","N","Non-Standard","V","Valid","86058007","Condition","Nebraska Lexicon","Clinical Finding"
"114",3217056,"Mixed type bipolar affective disorder","N","Non-Standard","V","Valid","16506000","Condition","Nebraska Lexicon","Clinical Finding"
"115",3218839,"Bipolar affective disorder, current episode depression","N","Non-Standard","V","Valid","191627008","Condition","Nebraska Lexicon","Clinical Finding"
"116",3219292,"Bipolar affective disorder, current episode manic","N","Non-Standard","V","Valid","191618007","Condition","Nebraska Lexicon","Clinical Finding"
"117",3219794,"Severe bipolar disorder with psychotic features, mood-congruent","N","Non-Standard","V","Valid","70546001","Condition","Nebraska Lexicon","Clinical Finding"
"118",3219936,"Bipolar disorder in partial remission","N","Non-Standard","V","Valid","5703000","Condition","Nebraska Lexicon","Clinical Finding"
"119",3220425,"Mixed bipolar affective disorder, in full remission","N","Non-Standard","V","Valid","191643001","Condition","Nebraska Lexicon","Clinical Finding"
"120",3220652,"Bipolar 1 disorder","N","Non-Standard","V","Valid","371596008","Condition","Nebraska Lexicon","Clinical Finding"
"121",3221532,"Moderate bipolar I disorder, most recent episode manic","N","Non-Standard","V","Valid","82998009","Condition","Nebraska Lexicon","Clinical Finding"
"122",3221731,"Bipolar affective disorder, current episode hypomanic","N","Non-Standard","V","Valid","31446002","Condition","Nebraska Lexicon","Clinical Finding"
"123",3228602,"Bipolar I disorder, most recent episode mixed, in remission","N","Non-Standard","V","Valid","35481005","Condition","Nebraska Lexicon","Clinical Finding"
"124",3232059,"Bipolar affective disorder, currently depressed, in full remission","N","Non-Standard","V","Valid","191634005","Condition","Nebraska Lexicon","Clinical Finding"
"125",3234838,"Bipolar I disorder, most recent episode mixed, in full remission","N","Non-Standard","V","Valid","111485001","Condition","Nebraska Lexicon","Clinical Finding"
"126",3234853,"Bipolar 1 disorder, single manic episode","N","Non-Standard","V","Valid","9340000","Condition","Nebraska Lexicon","Clinical Finding"
"127",3235926,"Moderate bipolar I disorder, single manic episode","N","Non-Standard","V","Valid","28884001","Condition","Nebraska Lexicon","Clinical Finding"
"128",3239169,"Severe bipolar II disorder, most recent episode major depressive without psychotic features","N","Non-Standard","V","Valid","81319007","Condition","Nebraska Lexicon","Clinical Finding"
"129",3241350,"Severe bipolar I disorder, single manic episode with psychotic fearures, mood-congruent","N","Non-Standard","V","Valid","13581000","Condition","Nebraska Lexicon","Clinical Finding"
"130",3244369,"Bipolar II disorder, most recent episode hypomanic","N","Non-Standard","V","Valid","48937005","Condition","Nebraska Lexicon","Clinical Finding"
"131",3245702,"Severe depressed bipolar I disorder","N","Non-Standard","V","Valid","261000119107","Condition","Nebraska Lexicon","Clinical Finding"
"132",3246079,"Bipolar I disorder, most recent episode manic","N","Non-Standard","V","Valid","68569003","Condition","Nebraska Lexicon","Clinical Finding"
"133",3247592,"Bipolar type II disorder currently in full remission","N","Non-Standard","V","Valid","723905008","Condition","Nebraska Lexicon","Clinical Finding"
"134",3247938,"Bipolar 1 disorder, single manic episode, full remission","N","Non-Standard","V","Valid","3530005","Condition","Nebraska Lexicon","Clinical Finding"
"135",3248705,"Bipolar I disorder, most recent episode depressed with melancholic features","N","Non-Standard","V","Valid","75752004","Condition","Nebraska Lexicon","Clinical Finding"
"136",3249196,"Severe bipolar II disorder, most recent episode major depressive with psychotic features, mood-congruent","N","Non-Standard","V","Valid","19300006","Condition","Nebraska Lexicon","Clinical Finding"
"137",3250001,"Bipolar I disorder, single manic episode with postpartum onset","N","Non-Standard","V","Valid","1499003","Condition","Nebraska Lexicon","Clinical Finding"
"138",3252399,"Bipolar I disorder, most recent episode depressed, in full remission","N","Non-Standard","V","Valid","22121000","Condition","Nebraska Lexicon","Clinical Finding"
"139",3252672,"Bipolar I disorder, most recent episode manic with postpartum onset","N","Non-Standard","V","Valid","55516002","Condition","Nebraska Lexicon","Clinical Finding"
"140",3257052,"Mild bipolar I disorder, most recent episode depressed","N","Non-Standard","V","Valid","74686005","Condition","Nebraska Lexicon","Clinical Finding"
"141",3257343,"Severe bipolar disorder with psychotic features, mood-incongruent","N","Non-Standard","V","Valid","26530004","Condition","Nebraska Lexicon","Clinical Finding"
"142",3258702,"Bipolar I disorder, most recent episode mixed with postpartum onset","N","Non-Standard","V","Valid","65042007","Condition","Nebraska Lexicon","Clinical Finding"
"143",3259084,"Mild bipolar I disorder, most recent episode mixed","N","Non-Standard","V","Valid","43769008","Condition","Nebraska Lexicon","Clinical Finding"
"144",3259320,"Bipolar I disorder, most recent episode manic, in full remission","N","Non-Standard","V","Valid","30935000","Condition","Nebraska Lexicon","Clinical Finding"
"145",3264745,"Bipolar affective disorder, currently depressed, moderate","N","Non-Standard","V","Valid","191630001","Condition","Nebraska Lexicon","Clinical Finding"
"146",3266726,"Bipolar I disorder, most recent episode depressed with catatonic features","N","Non-Standard","V","Valid","21900002","Condition","Nebraska Lexicon","Clinical Finding"
"147",3268837,"Bipolar I disorder, most recent episode manic with catatonic features","N","Non-Standard","V","Valid","17782008","Condition","Nebraska Lexicon","Clinical Finding"
"148",3272906,"Schizoaffective disorder, bipolar type","N","Non-Standard","V","Valid","38368003","Condition","Nebraska Lexicon","Clinical Finding"
"149",3278718,"Mixed bipolar affective disorder, mild","N","Non-Standard","V","Valid","191638008","Condition","Nebraska Lexicon","Clinical Finding"
"150",3280461,"Severe bipolar I disorder","N","Non-Standard","V","Valid","371599001","Condition","Nebraska Lexicon","Clinical Finding"
"151",3281321,"Severe bipolar II disorder, most recent episode major depressive with psychotic features, mood-incongruent","N","Non-Standard","V","Valid","20960007","Condition","Nebraska Lexicon","Clinical Finding"
"152",3282238,"Severe bipolar disorder","N","Non-Standard","V","Valid","371600003","Condition","Nebraska Lexicon","Clinical Finding"
"153",3291782,"Severe bipolar I disorder, most recent episode mixed, with psychotic features, mood-incongruent","N","Non-Standard","V","Valid","10875004","Condition","Nebraska Lexicon","Clinical Finding"
"154",3298010,"Moderate bipolar disorder","N","Non-Standard","V","Valid","79584002","Condition","Nebraska Lexicon","Clinical Finding"
"155",3298224,"Bipolar disorder, most recent episode depression","N","Non-Standard","V","Valid","767631007","Condition","Nebraska Lexicon","Clinical Finding"
"156",3303540,"Chronic bipolar I disorder, most recent episode depressed","N","Non-Standard","V","Valid","51637008","Condition","Nebraska Lexicon","Clinical Finding"
"157",3303695,"Severe bipolar I disorder, most recent episode mixed, with psychotic features, mood-congruent","N","Non-Standard","V","Valid","64731001","Condition","Nebraska Lexicon","Clinical Finding"
"158",3304401,"Severe bipolar I disorder, most recent episode depressed with psychotic feature, mood-congruent","N","Non-Standard","V","Valid","54761006","Condition","Nebraska Lexicon","Clinical Finding"
"159",3307215,"Severe bipolar I disorder, most recent episode manic, with psychotic features, mood-incongruent","N","Non-Standard","V","Valid","33380008","Condition","Nebraska Lexicon","Clinical Finding"
"160",3309255,"Bipolar affective disorder, currently depressed, mild","N","Non-Standard","V","Valid","191629006","Condition","Nebraska Lexicon","Clinical Finding"
"161",3311555,"Chronic bipolar II disorder, most recent episode major depressive","N","Non-Standard","V","Valid","1196001","Condition","Nebraska Lexicon","Clinical Finding"
"162",3311984,"Severe bipolar I disorder, most recent episode depressed without psychotic features","N","Non-Standard","V","Valid","61403008","Condition","Nebraska Lexicon","Clinical Finding"
"163",3312114,"Bipolar type I disorder currently in full remission","N","Non-Standard","V","Valid","723903001","Condition","Nebraska Lexicon","Clinical Finding"
"164",3312443,"Mixed bipolar affective disorder, moderate","N","Non-Standard","V","Valid","191639000","Condition","Nebraska Lexicon","Clinical Finding"
"165",3312583,"Severe bipolar II disorder, most recent episode major depressive, in full remission","N","Non-Standard","V","Valid","12969000","Condition","Nebraska Lexicon","Clinical Finding"
"166",3319674,"Severe bipolar I disorder, single manic episode without psychotic features","N","Non-Standard","V","Valid","14495005","Condition","Nebraska Lexicon","Clinical Finding"
"167",3321849,"Bipolar 1 disorder, single manic episode, in partial remission","N","Non-Standard","V","Valid","78269000","Condition","Nebraska Lexicon","Clinical Finding"
"168",3325775,"Bipolar 2 disorder","N","Non-Standard","V","Valid","83225003","Condition","Nebraska Lexicon","Clinical Finding"
"169",3331771,"Bipolar I disorder, most recent episode depressed","N","Non-Standard","V","Valid","49468007","Condition","Nebraska Lexicon","Clinical Finding"
"170",3332103,"Mild bipolar I disorder, single manic episode","N","Non-Standard","V","Valid","41552001","Condition","Nebraska Lexicon","Clinical Finding"
"171",3332416,"Severe bipolar I disorder, most recent episode manic, with psychotic features","N","Non-Standard","V","Valid","28663008","Condition","Nebraska Lexicon","Clinical Finding"
"172",3333268,"Bipolar affective disorder, currently manic, in full remission","N","Non-Standard","V","Valid","191625000","Condition","Nebraska Lexicon","Clinical Finding"
"173",3333324,"Bipolar I disorder, single manic episode with catatonic features","N","Non-Standard","V","Valid","87950005","Condition","Nebraska Lexicon","Clinical Finding"
"174",3334162,"Severe bipolar disorder with psychotic features","N","Non-Standard","V","Valid","4441000","Condition","Nebraska Lexicon","Clinical Finding"
"175",3336230,"Bipolar II disorder, most recent episode major depressive with atypical features","N","Non-Standard","V","Valid","43568002","Condition","Nebraska Lexicon","Clinical Finding"
"176",3337292,"Mild bipolar II disorder, most recent episode major depressive","N","Non-Standard","V","Valid","71294008","Condition","Nebraska Lexicon","Clinical Finding"
"177",3338632,"Bipolar I disorder, most recent episode mixed with catatonic features","N","Non-Standard","V","Valid","73471000","Condition","Nebraska Lexicon","Clinical Finding"
"178",3340317,"Severe bipolar I disorder, most recent episode manic, without psychotic features","N","Non-Standard","V","Valid","162004","Condition","Nebraska Lexicon","Clinical Finding"
"179",3340454,"Severe bipolar disorder without psychotic features","N","Non-Standard","V","Valid","53049002","Condition","Nebraska Lexicon","Clinical Finding"
"180",3340963,"Moderate bipolar I disorder, most recent episode depressed","N","Non-Standard","V","Valid","66631006","Condition","Nebraska Lexicon","Clinical Finding"
"181",3341067,"Bipolar I disorder, most recent episode mixed, in partial remission","N","Non-Standard","V","Valid","36583000","Condition","Nebraska Lexicon","Clinical Finding"
"182",3342037,"Bipolar I disorder, most recent episode depressed, in partial remission","N","Non-Standard","V","Valid","49512000","Condition","Nebraska Lexicon","Clinical Finding"
"183",3342601,"Bipolar I disorder, most recent episode manic, in partial remission","N","Non-Standard","V","Valid","63249007","Condition","Nebraska Lexicon","Clinical Finding"
"184",3343883,"Severe bipolar II disorder, most recent episode major depressive with psychotic features","N","Non-Standard","V","Valid","30520009","Condition","Nebraska Lexicon","Clinical Finding"
"185",3345410,"Bipolar affective disorder, currently manic, mild","N","Non-Standard","V","Valid","191620005","Condition","Nebraska Lexicon","Clinical Finding"
"186",3345731,"Bipolar 1 disorder, single manic episode, in remission","N","Non-Standard","V","Valid","75360000","Condition","Nebraska Lexicon","Clinical Finding"
"187",3356716,"Mixed bipolar affective disorder","N","Non-Standard","V","Valid","191636007","Condition","Nebraska Lexicon","Clinical Finding"
"188",3361648,"Severe bipolar I disorder, most recent episode mixed, with psychotic features","N","Non-Standard","V","Valid","10981006","Condition","Nebraska Lexicon","Clinical Finding"
"189",3362205,"Severe bipolar I disorder, most recent episode depressed with psychotic features","N","Non-Standard","V","Valid","59617007","Condition","Nebraska Lexicon","Clinical Finding"
"190",3362550,"Severe mixed bipolar I disorder","N","Non-Standard","V","Valid","271000119101","Condition","Nebraska Lexicon","Clinical Finding"
"191",3367215,"Bipolar II disorder, most recent episode major depressive with catatonic features","N","Non-Standard","V","Valid","22407005","Condition","Nebraska Lexicon","Clinical Finding"
"192",3367520,"Severe bipolar I disorder, most recent episode manic, with psychotic features, mood-congruent","N","Non-Standard","V","Valid","78640000","Condition","Nebraska Lexicon","Clinical Finding"
"193",3369661,"Organic bipolar disorder","N","Non-Standard","V","Valid","231444002","Condition","Nebraska Lexicon","Clinical Finding"
"194",3370326,"Bipolar I disorder, most recent episode depressed, in remission","N","Non-Standard","V","Valid","53607008","Condition","Nebraska Lexicon","Clinical Finding"
"195",3371266,"Bipolar disorder, most recent episode manic","N","Non-Standard","V","Valid","767632000","Condition","Nebraska Lexicon","Clinical Finding"
"196",3372503,"Bipolar affective disorder, most recent episode mixed","N","Non-Standard","V","Valid","767633005","Condition","Nebraska Lexicon","Clinical Finding"
"197",3373465,"Severe bipolar II disorder","N","Non-Standard","V","Valid","371604007","Condition","Nebraska Lexicon","Clinical Finding"
"198",3375528,"Bipolar I disorder, most recent episode depressed with atypical features","N","Non-Standard","V","Valid","29929003","Condition","Nebraska Lexicon","Clinical Finding"
"199",3380158,"Bipolar disorder in full remission","N","Non-Standard","V","Valid","41836007","Condition","Nebraska Lexicon","Clinical Finding"
"200",3382382,"Severe manic bipolar I disorder","N","Non-Standard","V","Valid","23741000119105","Condition","Nebraska Lexicon","Clinical Finding"
"201",3385542,"Bipolar affective disorder, current episode mixed","N","Non-Standard","V","Valid","192362008","Condition","Nebraska Lexicon","Clinical Finding"
"202",3387000,"Bipolar I disorder, most recent episode manic","N","Non-Standard","V","Valid","767635003","Condition","Nebraska Lexicon","Clinical Finding"
"203",3395434,"Rapid cycling bipolar I disorder","N","Non-Standard","V","Valid","133091000119105","Condition","Nebraska Lexicon","Clinical Finding"
"204",3398093,"Severe bipolar II disorder, most recent episode major depressive, in partial remission","N","Non-Standard","V","Valid","67002003","Condition","Nebraska Lexicon","Clinical Finding"
"205",3399726,"Severe bipolar I disorder, single manic episode with psychotic features","N","Non-Standard","V","Valid","41832009","Condition","Nebraska Lexicon","Clinical Finding"
"206",3403203,"Mild bipolar I disorder, most recent episode manic","N","Non-Standard","V","Valid","71984005","Condition","Nebraska Lexicon","Clinical Finding"
"207",3408131,"Psychosis and severe depression co-occurrent and due to bipolar affective disorder","N","Non-Standard","V","Valid","765176007","Condition","Nebraska Lexicon","Clinical Finding"
"208",3409094,"Mild bipolar disorder","N","Non-Standard","V","Valid","13313007","Condition","Nebraska Lexicon","Clinical Finding"
"209",3411835,"Severe bipolar I disorder, most recent episode depressed with psychotic features, mood-incongruent","N","Non-Standard","V","Valid","26203008","Condition","Nebraska Lexicon","Clinical Finding"
"210",3412910,"Bipolar II disorder, most recent episode major depressive","N","Non-Standard","V","Valid","16295005","Condition","Nebraska Lexicon","Clinical Finding"
"211",3413593,"Mixed bipolar affective disorder, severe, with psychosis","N","Non-Standard","V","Valid","191641004","Condition","Nebraska Lexicon","Clinical Finding"
"212",3415164,"Bipolar II disorder, most recent episode major depressive with melancholic features","N","Non-Standard","V","Valid","34315001","Condition","Nebraska Lexicon","Clinical Finding"
"213",3416480,"Severe bipolar I disorder, most recent episode mixed, without psychotic features","N","Non-Standard","V","Valid","46229002","Condition","Nebraska Lexicon","Clinical Finding"
"214",3417540,"Severe bipolar II disorder, most recent episode major depressive, in remission","N","Non-Standard","V","Valid","35722002","Condition","Nebraska Lexicon","Clinical Finding"
"215",3417877,"Bipolar affective disorder","N","Non-Standard","V","Valid","13746004","Condition","Nebraska Lexicon","Clinical Finding"
"216",3419203,"Bipolar affective disorder, currently manic, severe, with psychosis","N","Non-Standard","V","Valid","191623007","Condition","Nebraska Lexicon","Clinical Finding"
"217",3420591,"Bipolar affective disorder, currently manic, moderate","N","Non-Standard","V","Valid","191621009","Condition","Nebraska Lexicon","Clinical Finding"
"218",3424961,"Bipolar II disorder, most recent episode major depressive with postpartum onset","N","Non-Standard","V","Valid","30687003","Condition","Nebraska Lexicon","Clinical Finding"
"219",3520272,"Mixed bipolar affective disorder, in partial or unspecified remission","N","Non-Standard","U","Invalid","602471000000106","Condition","SNOMED","Clinical Finding"
"220",3520273,"Mixed bipolar affective disorder, NOS","N","Non-Standard","U","Invalid","602481000000108","Condition","SNOMED","Clinical Finding"
"221",3520274,"Unspecified bipolar affective disorder, mild","N","Non-Standard","U","Invalid","602521000000108","Condition","SNOMED","Clinical Finding"
"222",3520275,"Unspecified bipolar affective disorder, moderate","N","Non-Standard","U","Invalid","602531000000105","Condition","SNOMED","Clinical Finding"
"223",3520438,"Other and unspecified manic-depressive psychoses","N","Non-Standard","U","Invalid","613621000000102","Condition","SNOMED","Clinical Finding"
"224",3520439,"Unspecified manic-depressive psychoses","N","Non-Standard","U","Invalid","613631000000100","Condition","SNOMED","Clinical Finding"
"225",3520677,"Bipolar affective disorder, currently manic, unspecified","N","Non-Standard","U","Invalid","633731000000103","Condition","SNOMED","Clinical Finding"
"226",3535239,"Unspecified bipolar affective disorder, severe, with psychosis","N","Non-Standard","U","Invalid","602541000000101","Condition","SNOMED","Clinical Finding"
"227",3536127,"Bipolar affective disorder, currently depressed, unspecified","N","Non-Standard","U","Invalid","615941000000103","Condition","SNOMED","Clinical Finding"
"228",3536128,"Bipolar affective disorder, currently depressed, in partial or unspecified remission","N","Non-Standard","U","Invalid","615951000000100","Condition","SNOMED","Clinical Finding"
"229",3536699,"Unspecified bipolar affective disorder, NOS","N","Non-Standard","U","Invalid","623971000000101","Condition","SNOMED","Clinical Finding"
"230",3542121,"Other manic-depressive psychos","N","Non-Standard","U","Invalid","702251000000106","Condition","SNOMED","Clinical Finding"
"231",3544582,"Bipolar I disorder","N","Non-Standard","U","Invalid","790711000000100","Condition","SNOMED","Clinical Finding"
"232",3545071,"Bipolar I disorder","N","Non-Standard","U","Invalid","808681000000102","Condition","SNOMED","Clinical Finding"
"233",3545072,"Bipolar II disorder","N","Non-Standard","U","Invalid","808691000000100","Condition","SNOMED","Clinical Finding"
"234",3564769,"Unspecified bipolar affective disorder, severe, without mention of psychosis","N","Non-Standard","U","Invalid","613611000000108","Condition","SNOMED","Clinical Finding"
"235",3566276,"Bipolar affective disorder, currently depressed, severe, without mention of psychosis","N","Non-Standard","U","Invalid","530311000000107","Condition","SNOMED","Clinical Finding"
"236",3573259,"Bipolar affective disorder, currently manic, in partial or unspecified remission","N","Non-Standard","U","Invalid","615921000000105","Condition","SNOMED","Clinical Finding"
"237",4000165,"Severe bipolar II disorder, most recent episode major depressive with psychotic features, mood-congruent","S","Standard","V","Valid","19300006","Condition","SNOMED","Clinical Finding"
"238",4001733,"Chronic bipolar II disorder, most recent episode major depressive","S","Standard","V","Valid","1196001","Condition","SNOMED","Clinical Finding"
"239",4009648,"Mixed bipolar I disorder in full remission","S","Standard","V","Valid","111485001","Condition","SNOMED","Clinical Finding"
"240",4028027,"Mild bipolar disorder","S","Standard","V","Valid","13313007","Condition","SNOMED","Clinical Finding"
"241",4030102,"Severe bipolar I disorder, single manic episode with psychotic features, mood-congruent","S","Standard","V","Valid","13581000","Condition","SNOMED","Clinical Finding"
"242",4030856,"Severe bipolar I disorder, single manic episode without psychotic features","S","Standard","V","Valid","14495005","Condition","SNOMED","Clinical Finding"
"243",4031928,"Severe mixed bipolar I disorder with psychotic features, mood-incongruent","S","Standard","V","Valid","10875004","Condition","SNOMED","Clinical Finding"
"244",4033390,"Bipolar I disorder, single manic episode with postpartum onset","S","Standard","V","Valid","1499003","Condition","SNOMED","Clinical Finding"
"245",4037669,"Bipolar II disorder, most recent episode major depressive","S","Standard","V","Valid","16295005","Condition","SNOMED","Clinical Finding"
"246",4045263,"Severe bipolar II disorder, most recent episode major depressive, in full remission","S","Standard","V","Valid","12969000","Condition","SNOMED","Clinical Finding"
"247",4051448,"Severe bipolar II disorder, most recent episode major depressive with psychotic features, mood-incongruent","S","Standard","V","Valid","20960007","Condition","SNOMED","Clinical Finding"
"248",4071442,"Bipolar I disorder, most recent episode depressed with catatonic features","S","Standard","V","Valid","21900002","Condition","SNOMED","Clinical Finding"
"249",4073401,"Bipolar I disorder, most recent episode manic with catatonic features","S","Standard","V","Valid","17782008","Condition","SNOMED","Clinical Finding"
"250",4094507,"Severe depressed bipolar I disorder with psychotic features, mood-incongruent","S","Standard","V","Valid","26203008","Condition","SNOMED","Clinical Finding"
"251",4098303,"Bipolar affective disorder, currently manic, unspecified","N","Non-Standard","U","Invalid","191619004","Condition","SNOMED","Clinical Finding"
"252",4098304,"Bipolar affective disorder, currently manic, in partial or unspecified remission","N","Non-Standard","U","Invalid","191624001","Condition","SNOMED","Clinical Finding"
"253",4098305,"Bipolar affective disorder, currently manic, NOS","N","Non-Standard","U","Invalid","191626004","Condition","SNOMED","Clinical Finding"
"254",4098306,"Bipolar affective disorder, currently depressed, in partial or unspecified remission","N","Non-Standard","U","Invalid","191633004","Condition","SNOMED","Clinical Finding"
"255",4098307,"Unspecified bipolar affective disorder","N","Non-Standard","U","Invalid","191646009","Condition","SNOMED","Clinical Finding"
"256",4100372,"Mixed bipolar affective disorder, unspecified","N","Non-Standard","U","Invalid","191637003","Condition","SNOMED","Clinical Finding"
"257",4100374,"Unspecified bipolar affective disorder, mild","N","Non-Standard","U","Invalid","191648005","Condition","SNOMED","Clinical Finding"
"258",4100375,"Unspecified bipolar affective disorder, moderate","N","Non-Standard","U","Invalid","191649002","Condition","SNOMED","Clinical Finding"
"259",4100376,"Unspecified bipolar affective disorder, severe, without mention of psychosis","N","Non-Standard","U","Invalid","191650002","Condition","SNOMED","Clinical Finding"
"260",4100377,"Unspecified bipolar affective disorder, in partial or unspecified remission","N","Non-Standard","U","Invalid","191652005","Condition","SNOMED","Clinical Finding"
"261",4100378,"Unspecified manic-depressive psychoses","N","Non-Standard","U","Invalid","191657004","Condition","SNOMED","Clinical Finding"
"262",4100379,"Other mixed manic-depressive psychoses","N","Non-Standard","U","Invalid","191660006","Condition","SNOMED","Clinical Finding"
"263",4102603,"Severe manic bipolar I disorder with psychotic features","S","Standard","V","Valid","28663008","Condition","SNOMED","Clinical Finding"
"264",4102666,"Mixed bipolar affective disorder, NOS","N","Non-Standard","U","Invalid","191644007","Condition","SNOMED","Clinical Finding"
"265",4102667,"Unspecified bipolar affective disorder, unspecified","N","Non-Standard","U","Invalid","191647000","Condition","SNOMED","Clinical Finding"
"266",4102668,"Unspecified bipolar affective disorder, severe, with psychosis","N","Non-Standard","U","Invalid","191651003","Condition","SNOMED","Clinical Finding"
"267",4102669,"Other and unspecified manic-depressive psychoses","N","Non-Standard","U","Invalid","191656008","Condition","SNOMED","Clinical Finding"
"268",4103261,"Bipolar affective disorder, currently depressed, unspecified","N","Non-Standard","U","Invalid","191628003","Condition","SNOMED","Clinical Finding"
"269",4103262,"Bipolar affective disorder, currently depressed, NOS","N","Non-Standard","U","Invalid","191635006","Condition","SNOMED","Clinical Finding"
"270",4103263,"Mixed bipolar affective disorder, in partial or unspecified remission","N","Non-Standard","U","Invalid","191642006","Condition","SNOMED","Clinical Finding"
"271",4103264,"Unspecified bipolar affective disorder, in full remission","N","Non-Standard","U","Invalid","191653000","Condition","SNOMED","Clinical Finding"
"272",4103265,"Unspecified bipolar affective disorder, NOS","N","Non-Standard","U","Invalid","191654006","Condition","SNOMED","Clinical Finding"
"273",4103266,"Other and unspecified manic-depressive psychoses NOS","N","Non-Standard","U","Invalid","191661005","Condition","SNOMED","Clinical Finding"
"274",4107538,"Bipolar I disorder, most recent episode depressed with atypical features","S","Standard","V","Valid","29929003","Condition","SNOMED","Clinical Finding"
"275",4131027,"Severe bipolar disorder with psychotic features, mood-incongruent","S","Standard","V","Valid","26530004","Condition","SNOMED","Clinical Finding"
"276",4141603,"Severe manic bipolar I disorder with psychotic features, mood-incongruent","S","Standard","V","Valid","33380008","Condition","SNOMED","Clinical Finding"
"277",4144175,"Other manic-depressive psychos","N","Non-Standard","U","Invalid","307525004","Condition","SNOMED","Clinical Finding"
"278",4144519,"Bipolar II disorder, most recent episode major depressive with melancholic features","S","Standard","V","Valid","34315001","Condition","SNOMED","Clinical Finding"
"279",4147991,"Severe bipolar II disorder, most recent episode major depressive with psychotic features","S","Standard","V","Valid","30520009","Condition","SNOMED","Clinical Finding"
"280",4148842,"Bipolar I disorder, single manic episode, in full remission","S","Standard","V","Valid","3530005","Condition","SNOMED","Clinical Finding"
"281",4148934,"Bipolar II disorder, most recent episode major depressive with postpartum onset","S","Standard","V","Valid","30687003","Condition","SNOMED","Clinical Finding"
"282",4150985,"Bipolar I disorder, most recent episode hypomanic","S","Standard","V","Valid","31446002","Condition","SNOMED","Clinical Finding"
"283",4154283,"Severe bipolar I disorder","S","Standard","V","Valid","371599001","Condition","SNOMED","Clinical Finding"
"284",4155798,"Severe bipolar disorder","S","Standard","V","Valid","371600003","Condition","SNOMED","Clinical Finding"
"285",4161200,"Severe bipolar II disorder","S","Standard","V","Valid","371604007","Condition","SNOMED","Clinical Finding"
"286",4166701,"Manic bipolar I disorder in remission","S","Standard","V","Valid","45479006","Condition","SNOMED","Clinical Finding"
"287",4172156,"Bipolar II disorder, most recent episode hypomanic","S","Standard","V","Valid","48937005","Condition","SNOMED","Clinical Finding"
"288",4177651,"Depressed bipolar I disorder in partial remission","S","Standard","V","Valid","49512000","Condition","SNOMED","Clinical Finding"
"289",4182998,"Severe depressed bipolar I disorder with psychotic features, mood-congruent","S","Standard","V","Valid","54761006","Condition","SNOMED","Clinical Finding"
"290",4185096,"Bipolar II disorder, most recent episode major depressive with atypical features","S","Standard","V","Valid","43568002","Condition","SNOMED","Clinical Finding"
"291",4192865,"Bipolar I disorder, most recent episode depressed with melancholic features","S","Standard","V","Valid","75752004","Condition","SNOMED","Clinical Finding"
"292",4194222,"Moderate bipolar disorder","S","Standard","V","Valid","79584002","Condition","SNOMED","Clinical Finding"
"293",4195158,"Severe bipolar disorder with psychotic features","S","Standard","V","Valid","4441000","Condition","SNOMED","Clinical Finding"
"294",4197669,"Chronic bipolar I disorder, most recent episode depressed","S","Standard","V","Valid","51637008","Condition","SNOMED","Clinical Finding"
"295",4200385,"Severe bipolar disorder without psychotic features","S","Standard","V","Valid","53049002","Condition","SNOMED","Clinical Finding"
"296",4201739,"Depressed bipolar I disorder in remission","S","Standard","V","Valid","53607008","Condition","SNOMED","Clinical Finding"
"297",4210024,"Bipolar I disorder, most recent episode manic with postpartum onset","S","Standard","V","Valid","55516002","Condition","SNOMED","Clinical Finding"
"298",4215917,"Mild manic bipolar I disorder","S","Standard","V","Valid","71984005","Condition","SNOMED","Clinical Finding"
"299",4217940,"Severe bipolar II disorder, most recent episode major depressive without psychotic features","S","Standard","V","Valid","81319007","Condition","SNOMED","Clinical Finding"
"300",4220617,"Severe bipolar I disorder, single manic episode with psychotic features","S","Standard","V","Valid","41832009","Condition","SNOMED","Clinical Finding"
"301",4220618,"Bipolar disorder in full remission","S","Standard","V","Valid","41836007","Condition","SNOMED","Clinical Finding"
"302",4244078,"Schizoaffective disorder, bipolar type","S","Standard","V","Valid","38368003","Condition","SNOMED","Clinical Finding"
"303",4251178,"Bipolar I disorder, most recent episode mixed with catatonic features","S","Standard","V","Valid","73471000","Condition","SNOMED","Clinical Finding"
"304",4262111,"Moderate bipolar II disorder, most recent episode major depressive","S","Standard","V","Valid","35846004","Condition","SNOMED","Clinical Finding"
"305",4262272,"Severe bipolar II disorder, most recent episode major depressive, in remission","S","Standard","V","Valid","35722002","Condition","SNOMED","Clinical Finding"
"306",4274957,"Bipolar I disorder, most recent episode mixed with postpartum onset","S","Standard","V","Valid","65042007","Condition","SNOMED","Clinical Finding"
"307",4276670,"Severe mixed bipolar I disorder with psychotic features, mood-congruent","S","Standard","V","Valid","64731001","Condition","SNOMED","Clinical Finding"
"308",4280361,"Moderate depressed bipolar I disorder","S","Standard","V","Valid","66631006","Condition","SNOMED","Clinical Finding"
"309",4283219,"Severe bipolar II disorder, most recent episode major depressive, in partial remission","S","Standard","V","Valid","67002003","Condition","SNOMED","Clinical Finding"
"310",4287544,"Manic bipolar I disorder","S","Standard","V","Valid","68569003","Condition","SNOMED","Clinical Finding"
"311",4301106,"Bipolar I disorder, single manic episode, in partial remission","S","Standard","V","Valid","78269000","Condition","SNOMED","Clinical Finding"
"312",4307804,"Moderate manic bipolar I disorder","S","Standard","V","Valid","82998009","Condition","SNOMED","Clinical Finding"
"313",4307956,"Bipolar II disorder","S","Standard","V","Valid","83225003","Condition","SNOMED","Clinical Finding"
"314",4310821,"Bipolar disorder in remission","S","Standard","V","Valid","85248005","Condition","SNOMED","Clinical Finding"
"315",4312736,"Severe bipolar I disorder, single manic episode with psychotic features, mood-incongruent","S","Standard","V","Valid","86058007","Condition","SNOMED","Clinical Finding"
"316",4322477,"Severe bipolar disorder with psychotic features, mood-congruent","S","Standard","V","Valid","70546001","Condition","SNOMED","Clinical Finding"
"317",4324945,"Mild bipolar II disorder, most recent episode major depressive","S","Standard","V","Valid","71294008","Condition","SNOMED","Clinical Finding"
"318",4327669,"Bipolar I disorder, single manic episode, in remission","S","Standard","V","Valid","75360000","Condition","SNOMED","Clinical Finding"
"319",4330846,"Bipolar II disorder, most recent episode major depressive with catatonic features","S","Standard","V","Valid","22407005","Condition","SNOMED","Clinical Finding"
"320",4333670,"Organic bipolar disorder","S","Standard","V","Valid","231444002","Condition","SNOMED","Clinical Finding"
"321",4336405,"Bipolar I disorder, most recent episode depressed with postpartum onset","S","Standard","V","Valid","87203005","Condition","SNOMED","Clinical Finding"
"322",4338812,"Bipolar I disorder, single manic episode with catatonic features","S","Standard","V","Valid","87950005","Condition","SNOMED","Clinical Finding"
"323",35207136,"Schizoaffective disorder, bipolar type","N","Non-Standard","V","Valid","F25.0","Condition","ICD10CM","4-char billing code"
"324",35207145,"Bipolar disorder, current episode hypomanic","N","Non-Standard","V","Valid","F31.0","Condition","ICD10CM","4-char billing code"
"325",35207146,"Bipolar disorder, current episode manic severe with psychotic features","N","Non-Standard","V","Valid","F31.2","Condition","ICD10CM","4-char billing code"
"326",35207147,"Bipolar disorder, current episode depressed, severe, without psychotic features","N","Non-Standard","V","Valid","F31.4","Condition","ICD10CM","4-char billing code"
"327",35207148,"Bipolar disorder, current episode depressed, severe, with psychotic features","N","Non-Standard","V","Valid","F31.5","Condition","ICD10CM","4-char billing code"
"328",35207149,"Bipolar disorder, unspecified","N","Non-Standard","V","Valid","F31.9","Condition","ICD10CM","4-char billing code"
"329",35622934,"Psychosis and severe depression co-occurrent and due to bipolar affective disorder","S","Standard","V","Valid","765176007","Condition","SNOMED","Clinical Finding"
"330",35624743,"Bipolar disorder, most recent episode depression","S","Standard","V","Valid","767631007","Condition","SNOMED","Clinical Finding"
"331",35624744,"Bipolar disorder, most recent episode manic","S","Standard","V","Valid","767632000","Condition","SNOMED","Clinical Finding"
"332",35624745,"Bipolar affective disorder, most recent episode mixed","S","Standard","V","Valid","767633005","Condition","SNOMED","Clinical Finding"
"333",35624747,"Bipolar I disorder, most recent episode manic","S","Standard","V","Valid","767635003","Condition","SNOMED","Clinical Finding"
"334",35624748,"Bipolar I disorder, most recent episode depression","S","Standard","V","Valid","767636002","Condition","SNOMED","Clinical Finding"
"335",37109940,"Bipolar type I disorder currently in full remission","S","Standard","V","Valid","723903001","Condition","SNOMED","Clinical Finding"
"336",37117177,"Bipolar type II disorder currently in full remission","S","Standard","V","Valid","723905008","Condition","SNOMED","Clinical Finding"
"337",37209504,"Bipolar disorder caused by drug","S","Standard","V","Valid","16238741000119105","Condition","SNOMED","Clinical Finding"
"338",37312578,"Rapid cycling bipolar II disorder","S","Standard","V","Valid","789061003","Condition","SNOMED","Clinical Finding"
"339",40321769,"Other manic-depressive psychos","N","Non-Standard","U","Invalid","154874009","Condition","SNOMED","Clinical Finding"
"340",40356767,"Affective psychoses: [manic depressive] or [involutional melancholia]","N","Non-Standard","U","Invalid","268749008","Condition","SNOMED","Clinical Finding"
"341",40388256,"Bipolar disorder","N","Non-Standard","U","Invalid","192355004","Condition","SNOMED","Clinical Finding"
"342",40388263,"Bipolar affective disorder, currently depressed, severe, with psychosis","N","Non-Standard","U","Invalid","192361001","Condition","SNOMED","Clinical Finding"
"343",40433642,"Bipolar II disorder","N","Non-Standard","U","Invalid","231497008","Condition","SNOMED","Clinical Finding"
"344",42486671,"Bipolar affective disorder","N","Non-Standard","V","Valid","F31","Condition","KCD7","KCD7 code"
"345",42486672,"Bipolar affective disorder, current episode hypomanic","N","Non-Standard","V","Valid","F31.0","Condition","KCD7","KCD7 code"
"346",42486673,"Bipolar affective disorder, current episode manic without psychotic symptoms","N","Non-Standard","V","Valid","F31.1","Condition","KCD7","KCD7 code"
"347",42486674,"Bipolar affective disorder, current episode manic with psychotic symptoms","N","Non-Standard","V","Valid","F31.2","Condition","KCD7","KCD7 code"
"348",42486675,"Bipolar affective disorder, current episode mild or moderate depression","N","Non-Standard","V","Valid","F31.3","Condition","KCD7","KCD7 code"
"349",42486676,"Bipolar affective disorder, current episode severe depression without psychotic symptoms","N","Non-Standard","V","Valid","F31.4","Condition","KCD7","KCD7 code"
"350",42486677,"Bipolar affective disorder, current episode severe depression with psychotic symptoms","N","Non-Standard","V","Valid","F31.5","Condition","KCD7","KCD7 code"
"351",42486678,"Bipolar affective disorder, current episode mixed","N","Non-Standard","V","Valid","F31.6","Condition","KCD7","KCD7 code"
"352",42486679,"Bipolar affective disorder, currently in remission","N","Non-Standard","V","Valid","F31.7","Condition","KCD7","KCD7 code"
"353",42486680,"Other bipolar affective disorders","N","Non-Standard","V","Valid","F31.8","Condition","KCD7","KCD7 code"
"354",42486681,"Bipolar affective disorder, unspecified","N","Non-Standard","V","Valid","F31.9","Condition","KCD7","KCD7 code"
"355",42872412,"Severe mixed bipolar I disorder","S","Standard","V","Valid","271000119101","Condition","SNOMED","Clinical Finding"
"356",42872413,"Severe depressed bipolar I disorder","S","Standard","V","Valid","261000119107","Condition","SNOMED","Clinical Finding"
"357",43020451,"Severe manic bipolar I disorder","S","Standard","V","Valid","23741000119105","Condition","SNOMED","Clinical Finding"
"358",43021820,"Bipolar II disorder, most recent episode rapid cycling","N","Non-Standard","U","Invalid","61771000119106","Condition","SNOMED","Clinical Finding"
"359",43021847,"Rapid cycling bipolar I disorder","S","Standard","V","Valid","133091000119105","Condition","SNOMED","Clinical Finding"
"360",44796057,"[X]Bipolar affective disorder, unspecified","N","Non-Standard","U","Invalid","417731000000103","Condition","SNOMED","Clinical Finding"
"361",44797155,"[X]Other bipolar affective disorders","N","Non-Standard","U","Invalid","426091000000108","Condition","SNOMED","Clinical Finding"
"362",44797461,"[X]Bipolar affective disorder, current episode manic with psychotic symptoms","N","Non-Standard","U","Invalid","431661000000104","Condition","SNOMED","Clinical Finding"
"363",44798271,"[X]Bipolar affective disorder, current episode manic without psychotic symptoms","N","Non-Standard","U","Invalid","443561000000100","Condition","SNOMED","Clinical Finding"
"364",44799926,"[X]Bipolar affective disorder, currently in remission","N","Non-Standard","U","Invalid","454161000000105","Condition","SNOMED","Clinical Finding"
"365",44801136,"[X]Bipolar affective disorder, current episode mild or moderate depression","N","Non-Standard","U","Invalid","467121000000100","Condition","SNOMED","Clinical Finding"
"366",44804961,"Mixed bipolar affective disorder, in partial remission","S","Standard","V","Valid","760721000000109","Condition","SNOMED","Clinical Finding"
"367",44805540,"Mixed bipolar affective disorder, severe","S","Standard","V","Valid","764591000000108","Condition","SNOMED","Clinical Finding"
"368",44813514,"[X]Bipolar affective disorder, current episode severe depression without psychotic symptoms","N","Non-Standard","U","Invalid","465911000000102","Condition","SNOMED","Clinical Finding"
"369",44819539,"Bipolar I disorder, single manic episode, severe, without mention of psychotic behavior","N","Non-Standard","V","Valid","296.03","Condition","ICD9CM","5-dig billing code"
"370",44819542,"Bipolar I disorder, most recent episode (or current) mixed, in partial or unspecified remission","N","Non-Standard","V","Valid","296.65","Condition","ICD9CM","5-dig billing code"
"371",44820718,"Bipolar I disorder, most recent episode (or current) manic, mild","N","Non-Standard","V","Valid","296.41","Condition","ICD9CM","5-dig billing code"
"372",44820719,"Bipolar I disorder, most recent episode (or current) manic, severe, without mention of psychotic behavior","N","Non-Standard","V","Valid","296.43","Condition","ICD9CM","5-dig billing code"
"373",44820720,"Bipolar I disorder, most recent episode (or current) depressed, severe, specified as with psychotic behavior","N","Non-Standard","V","Valid","296.54","Condition","ICD9CM","5-dig billing code"
"374",44820721,"Bipolar I disorder, most recent episode (or current) depressed, in partial or unspecified remission","N","Non-Standard","V","Valid","296.55","Condition","ICD9CM","5-dig billing code"
"375",44820722,"Bipolar I disorder, most recent episode (or current) mixed, unspecified","N","Non-Standard","V","Valid","296.60","Condition","ICD9CM","5-dig billing code"
"376",44822972,"Bipolar I disorder, single manic episode, in partial or unspecified remission","N","Non-Standard","V","Valid","296.05","Condition","ICD9CM","5-dig billing code"
"377",44822973,"Bipolar I disorder, single manic episode, in full remission","N","Non-Standard","V","Valid","296.06","Condition","ICD9CM","5-dig billing code"
"378",44822977,"Bipolar I disorder, most recent episode (or current) depressed, in full remission","N","Non-Standard","V","Valid","296.56","Condition","ICD9CM","5-dig billing code"
"379",44822978,"Bipolar I disorder, most recent episode (or current) mixed, moderate","N","Non-Standard","V","Valid","296.62","Condition","ICD9CM","5-dig billing code"
"380",44822979,"Bipolar I disorder, most recent episode (or current) mixed, severe, without mention of psychotic behavior","N","Non-Standard","V","Valid","296.63","Condition","ICD9CM","5-dig billing code"
"381",44822980,"Other and unspecified bipolar disorders","N","Non-Standard","V","Valid","296.8","Condition","ICD9CM","4-dig nonbill code"
"382",44822981,"Bipolar disorder, unspecified","N","Non-Standard","V","Valid","296.80","Condition","ICD9CM","5-dig billing code"
"383",44824115,"Bipolar I disorder, most recent episode (or current) manic, unspecified","N","Non-Standard","V","Valid","296.40","Condition","ICD9CM","5-dig billing code"
"384",44824116,"Bipolar I disorder, most recent episode (or current) manic, severe, specified as with psychotic behavior","N","Non-Standard","V","Valid","296.44","Condition","ICD9CM","5-dig billing code"
"385",44824117,"Bipolar I disorder, most recent episode (or current) mixed, severe, specified as with psychotic behavior","N","Non-Standard","V","Valid","296.64","Condition","ICD9CM","5-dig billing code"
"386",44826499,"Bipolar I disorder, most recent episode (or current) manic, moderate","N","Non-Standard","V","Valid","296.42","Condition","ICD9CM","5-dig billing code"
"387",44826500,"Bipolar I disorder, most recent episode (or current) depressed, mild","N","Non-Standard","V","Valid","296.51","Condition","ICD9CM","5-dig billing code"
"388",44827657,"Bipolar I disorder, most recent episode (or current) unspecified","N","Non-Standard","V","Valid","296.7","Condition","ICD9CM","4-dig billing code"
"389",44828830,"Bipolar I disorder, single manic episode","N","Non-Standard","V","Valid","296.0","Condition","ICD9CM","4-dig nonbill code"
"390",44828831,"Bipolar I disorder, most recent episode (or current) mixed","N","Non-Standard","V","Valid","296.6","Condition","ICD9CM","4-dig nonbill code"
"391",44829922,"Bipolar I disorder, single manic episode, moderate","N","Non-Standard","V","Valid","296.02","Condition","ICD9CM","5-dig billing code"
"392",44829924,"Bipolar I disorder, most recent episode (or current) manic, in full remission","N","Non-Standard","V","Valid","296.46","Condition","ICD9CM","5-dig billing code"
"393",44829925,"Other bipolar disorders","N","Non-Standard","V","Valid","296.89","Condition","ICD9CM","5-dig billing code"
"394",44831087,"Bipolar I disorder, single manic episode, severe, specified as with psychotic behavior","N","Non-Standard","V","Valid","296.04","Condition","ICD9CM","5-dig billing code"
"395",44831091,"Bipolar I disorder, most recent episode (or current) manic","N","Non-Standard","V","Valid","296.4","Condition","ICD9CM","4-dig nonbill code"
"396",44831092,"Bipolar I disorder, most recent episode (or current) depressed, severe, without mention of psychotic behavior","N","Non-Standard","V","Valid","296.53","Condition","ICD9CM","5-dig billing code"
"397",44832233,"Bipolar I disorder, most recent episode (or current) manic, in partial or unspecified remission","N","Non-Standard","V","Valid","296.45","Condition","ICD9CM","5-dig billing code"
"398",44832234,"Bipolar I disorder, most recent episode (or current) mixed, in full remission","N","Non-Standard","V","Valid","296.66","Condition","ICD9CM","5-dig billing code"
"399",44833400,"Bipolar I disorder, single manic episode, mild","N","Non-Standard","V","Valid","296.01","Condition","ICD9CM","5-dig billing code"
"400",44834590,"Bipolar I disorder, most recent episode (or current) depressed","N","Non-Standard","V","Valid","296.5","Condition","ICD9CM","4-dig nonbill code"
"401",44835786,"Bipolar I disorder, most recent episode (or current) depressed, moderate","N","Non-Standard","V","Valid","296.52","Condition","ICD9CM","5-dig billing code"
"402",44836964,"Bipolar I disorder, single manic episode, unspecified","N","Non-Standard","V","Valid","296.00","Condition","ICD9CM","5-dig billing code"
"403",44836965,"Bipolar I disorder, most recent episode (or current) depressed, unspecified","N","Non-Standard","V","Valid","296.50","Condition","ICD9CM","5-dig billing code"
"404",44836966,"Bipolar I disorder, most recent episode (or current) mixed, mild","N","Non-Standard","V","Valid","296.61","Condition","ICD9CM","5-dig billing code"
"405",45420224,"[X]Bipolar affective disorder type II","N","Non-Standard","V","Valid","Eu31900","Condition","Read","Read"
"406",45423366,"Bipolar affective disorder, currently depressed, in partial or unspecified remission","N","Non-Standard","V","Valid","E115500","Condition","Read","Read"
"407",45426630,"Bipolar affective disorder, currently manic","N","Non-Standard","V","Valid","E114.00","Condition","Read","Read"
"408",45426631,"Bipolar affective disorder, currently depressed, mild","N","Non-Standard","V","Valid","E115100","Condition","Read","Read"
"409",45426673,"[X]Mixed affective episode","N","Non-Standard","V","Valid","Eu3y011","Condition","Read","Read"
"410",45429982,"Bipolar affective disorder, currently depressed","N","Non-Standard","V","Valid","E115.00","Condition","Read","Read"
"411",45433265,"Bipolar affective disorder, currently depressed, NOS","N","Non-Standard","V","Valid","E115z00","Condition","Read","Read"
"412",45436598,"Mixed bipolar affective disorder, in full remission","N","Non-Standard","V","Valid","E116600","Condition","Read","Read"
"413",45443163,"Mixed bipolar affective disorder, severe, with psychosis","N","Non-Standard","V","Valid","E116400","Condition","Read","Read"
"414",45443164,"Unspecified bipolar affective disorder, in full remission","N","Non-Standard","V","Valid","E117600","Condition","Read","Read"
"415",45443202,"[X]Manic-depressive psychosis, depressed type with psychotic symptoms","N","Non-Standard","V","Valid","Eu33312","Condition","Read","Read"
"416",45446523,"Unspecified bipolar affective disorder, severe, without mention of psychosis","N","Non-Standard","V","Valid","E117300","Condition","Read","Read"
"417",45446524,"Other and unspecified manic-depressive psychoses NOS","N","Non-Standard","V","Valid","E11yz00","Condition","Read","Read"
"418",45446559,"[X]Manic-depressive illness","N","Non-Standard","V","Valid","Eu31.11","Condition","Read","Read"
"419",45446560,"[X]Bipolar affective disorder, current episode mixed","N","Non-Standard","V","Valid","Eu31600","Condition","Read","Read"
"420",45449847,"Bipolar affective disorder, currently depressed, unspecified","N","Non-Standard","V","Valid","E115000","Condition","Read","Read"
"421",45449848,"Mixed bipolar affective disorder, severe, without mention of psychosis","N","Non-Standard","V","Valid","E116300","Condition","Read","Read"
"422",45449879,"[X]Bipolar affective disorder, currently in remission","N","Non-Standard","V","Valid","Eu31700","Condition","Read","Read"
"423",45449880,"[X]Bipolar II disorder","N","Non-Standard","V","Valid","Eu31y11","Condition","Read","Read"
"424",45453177,"Mixed bipolar affective disorder, mild","N","Non-Standard","V","Valid","E116100","Condition","Read","Read"
"425",45453178,"Unspecified bipolar affective disorder, severe, with psychosis","N","Non-Standard","V","Valid","E117400","Condition","Read","Read"
"426",45453207,"[X]Manic-depressive reaction","N","Non-Standard","V","Valid","Eu31.13","Condition","Read","Read"
"427",45456549,"Bipolar affective disorder, currently manic, in full remission","N","Non-Standard","V","Valid","E114600","Condition","Read","Read"
"428",45456550,"Bipolar affective disorder, currently depressed, severe, without mention of psychosis","N","Non-Standard","V","Valid","E115300","Condition","Read","Read"
"429",45456551,"Bipolar affective disorder, currently depressed, in full remission","N","Non-Standard","V","Valid","E115600","Condition","Read","Read"
"430",45456552,"Mixed bipolar affective disorder, NOS","N","Non-Standard","V","Valid","E116z00","Condition","Read","Read"
"431",45456580,"[X]Other bipolar affective disorders","N","Non-Standard","V","Valid","Eu31y00","Condition","Read","Read"
"432",45459886,"Other and unspecified manic-depressive psychoses","N","Non-Standard","V","Valid","E11y.00","Condition","Read","Read"
"433",45459918,"[X]Bipolar II disorder","N","Non-Standard","V","Valid","Eu31911","Condition","Read","Read"
"434",45463322,"Bipolar affective disorder, currently manic, severe, with psychosis","N","Non-Standard","V","Valid","E114400","Condition","Read","Read"
"435",45463323,"Unspecified bipolar affective disorder","N","Non-Standard","V","Valid","E117.00","Condition","Read","Read"
"436",45466670,"Unspecified bipolar affective disorder, mild","N","Non-Standard","V","Valid","E117100","Condition","Read","Read"
"437",45466671,"Unspecified bipolar affective disorder, moderate","N","Non-Standard","V","Valid","E117200","Condition","Read","Read"
"438",45466672,"Unspecified bipolar affective disorder, in partial or unspecified remission","N","Non-Standard","V","Valid","E117500","Condition","Read","Read"
"439",45466714,"[X]Bipolar affective disorder, current episode mild or moderate depression","N","Non-Standard","V","Valid","Eu31300","Condition","Read","Read"
"440",45466715,"[X]Bipolar affective disorder type I","N","Non-Standard","V","Valid","Eu31800","Condition","Read","Read"
"441",45470112,"Bipolar psychoses","N","Non-Standard","V","Valid","E11..11","Condition","Read","Read"
"442",45470115,"Unspecified bipolar affective disorder, unspecified","N","Non-Standard","V","Valid","E117000","Condition","Read","Read"
"443",45473406,"Mixed bipolar affective disorder, in partial or unspecified remission","N","Non-Standard","V","Valid","E116500","Condition","Read","Read"
"444",45476789,"Bipolar affective disorder, currently manic, in partial or unspecified remission","N","Non-Standard","V","Valid","E114500","Condition","Read","Read"
"445",45476827,"[X]Bipolar affective disorder, current episode severe depression without psychotic symptoms","N","Non-Standard","V","Valid","Eu31400","Condition","Read","Read"
"446",45483381,"Bipolar affective disorder, currently manic, mild","N","Non-Standard","V","Valid","E114100","Condition","Read","Read"
"447",45483382,"Bipolar affective disorder, currently manic, severe, without mention of psychosis","N","Non-Standard","V","Valid","E114300","Condition","Read","Read"
"448",45483383,"Bipolar affective disorder, currently depressed, severe, with psychosis","N","Non-Standard","V","Valid","E115400","Condition","Read","Read"
"449",45483384,"Unspecified manic-depressive psychoses","N","Non-Standard","V","Valid","E11y000","Condition","Read","Read"
"450",45483385,"Other mixed manic-depressive psychoses","N","Non-Standard","V","Valid","E11y300","Condition","Read","Read"
"451",45486742,"Manic-depressive - now manic","N","Non-Standard","V","Valid","E114.11","Condition","Read","Read"
"452",45486743,"Unspecified bipolar affective disorder, NOS","N","Non-Standard","V","Valid","E117z00","Condition","Read","Read"
"453",45486779,"[X]Manic-depressive psychosis","N","Non-Standard","V","Valid","Eu31.12","Condition","Read","Read"
"454",45490035,"Bipolar affective disorder, currently manic, moderate","N","Non-Standard","V","Valid","E114200","Condition","Read","Read"
"455",45490036,"Mixed bipolar affective disorder","N","Non-Standard","V","Valid","E116.00","Condition","Read","Read"
"456",45493313,"Bipolar affective disorder, currently depressed, moderate","N","Non-Standard","V","Valid","E115200","Condition","Read","Read"
"457",45499963,"[X]Bipolar affective disorder, current episode severe depression with psychotic symptoms","N","Non-Standard","V","Valid","Eu31500","Condition","Read","Read"
"458",45499964,"[X]Bipolar affective disorder, unspecified","N","Non-Standard","V","Valid","Eu31z00","Condition","Read","Read"
"459",45503246,"Bipolar affective disorder, currently manic, unspecified","N","Non-Standard","V","Valid","E114000","Condition","Read","Read"
"460",45509876,"Mixed bipolar affective disorder, moderate","N","Non-Standard","V","Valid","E116200","Condition","Read","Read"
"461",45509918,"[X]Bipolar affective disorder, current episode manic without psychotic symptoms","N","Non-Standard","V","Valid","Eu31100","Condition","Read","Read"
"462",45513273,"Mixed bipolar affective disorder, unspecified","N","Non-Standard","V","Valid","E116000","Condition","Read","Read"
"463",45513304,"[X]Bipolar affective disorder","N","Non-Standard","V","Valid","Eu31.00","Condition","Read","Read"
"464",45516681,"Bipolar affective disorder, currently manic, NOS","N","Non-Standard","V","Valid","E114z00","Condition","Read","Read"
"465",45519948,"[X]Bipolar affective disorder, current episode hypomanic","N","Non-Standard","V","Valid","Eu31000","Condition","Read","Read"
"466",45519949,"[X]Bipolar affective disorder, current episode manic with psychotic symptoms","N","Non-Standard","V","Valid","Eu31200","Condition","Read","Read"
"467",45523217,"Manic-depressive - now depressed","N","Non-Standard","V","Valid","E115.11","Condition","Read","Read"
"468",45531923,"PSYCHOSIS MANIC-DEPRESSIVE","N","Non-Standard","V","Valid","2969M","Condition","OXMIS","OXMIS"
"469",45538061,"Bipolar disorder, current episode manic without psychotic features, severe","N","Non-Standard","V","Valid","F31.13","Condition","ICD10CM","5-char billing code"
"470",45538062,"Bipolar disorder, current episode depressed, moderate","N","Non-Standard","V","Valid","F31.32","Condition","ICD10CM","5-char billing code"
"471",45538063,"Bipolar disorder, in full remission, most recent episode mixed","N","Non-Standard","V","Valid","F31.78","Condition","ICD10CM","5-char billing code"
"472",45538064,"Other bipolar disorder","N","Non-Standard","V","Valid","F31.89","Condition","ICD10CM","5-char billing code"
"473",45542840,"Bipolar affective disorder, current episode hypomanic","N","Non-Standard","V","Valid","F31.0","Condition","ICD10","ICD10 code"
"474",45542841,"Bipolar disorder, current episode mixed, mild","N","Non-Standard","V","Valid","F31.61","Condition","ICD10CM","5-char billing code"
"475",45542842,"Bipolar disorder, in full remission, most recent episode depressed","N","Non-Standard","V","Valid","F31.76","Condition","ICD10CM","5-char billing code"
"476",45542843,"Bipolar disorder, in partial remission, most recent episode mixed","N","Non-Standard","V","Valid","F31.77","Condition","ICD10CM","5-char billing code"
"477",45542844,"Bipolar II disorder","N","Non-Standard","V","Valid","F31.81","Condition","ICD10CM","5-char billing code"
"478",45547703,"Bipolar disorder, current episode mixed, severe, with psychotic features","N","Non-Standard","V","Valid","F31.64","Condition","ICD10CM","5-char billing code"
"479",45552477,"Bipolar disorder, current episode manic without psychotic features, unspecified","N","Non-Standard","V","Valid","F31.10","Condition","ICD10CM","5-char billing code"
"480",45557201,"Bipolar disorder, in partial remission, most recent episode depressed","N","Non-Standard","V","Valid","F31.75","Condition","ICD10CM","5-char billing code"
"481",45566839,"Bipolar disorder, current episode depressed, mild","N","Non-Standard","V","Valid","F31.31","Condition","ICD10CM","5-char billing code"
"482",45566840,"Bipolar disorder, currently in remission, most recent episode unspecified","N","Non-Standard","V","Valid","F31.70","Condition","ICD10CM","5-char billing code"
"483",45566841,"Bipolar disorder, in partial remission, most recent episode hypomanic","N","Non-Standard","V","Valid","F31.71","Condition","ICD10CM","5-char billing code"
"484",45571753,"Bipolar disorder, current episode manic without psychotic features, moderate","N","Non-Standard","V","Valid","F31.12","Condition","ICD10CM","5-char billing code"
"485",45571754,"Bipolar affective disorder, current episode manic with psychotic symptoms","N","Non-Standard","V","Valid","F31.2","Condition","ICD10","ICD10 code"
"486",45571755,"Bipolar affective disorder, current episode mild or moderate depression","N","Non-Standard","V","Valid","F31.3","Condition","ICD10","ICD10 code"
"487",45571756,"Bipolar disorder, current episode depressed, mild or moderate severity, unspecified","N","Non-Standard","V","Valid","F31.30","Condition","ICD10CM","5-char billing code"
"488",45571757,"Bipolar affective disorder, current episode mixed","N","Non-Standard","V","Valid","F31.6","Condition","ICD10","ICD10 code"
"489",45571758,"Bipolar affective disorder, unspecified","N","Non-Standard","V","Valid","F31.9","Condition","ICD10","ICD10 code"
"490",45576537,"Bipolar affective disorder, current episode manic without psychotic symptoms","N","Non-Standard","V","Valid","F31.1","Condition","ICD10","ICD10 code"
"491",45576538,"Bipolar disorder, current episode mixed, unspecified","N","Non-Standard","V","Valid","F31.60","Condition","ICD10CM","5-char billing code"
"492",45576539,"Bipolar disorder, current episode mixed, severe, without psychotic features","N","Non-Standard","V","Valid","F31.63","Condition","ICD10CM","5-char billing code"
"493",45576540,"Bipolar disorder, in full remission, most recent episode manic","N","Non-Standard","V","Valid","F31.74","Condition","ICD10CM","5-char billing code"
"494",45581456,"Bipolar affective disorder, current episode severe depression without psychotic symptoms","N","Non-Standard","V","Valid","F31.4","Condition","ICD10","ICD10 code"
"495",45581457,"Bipolar affective disorder, currently in remission","N","Non-Standard","V","Valid","F31.7","Condition","ICD10","ICD10 code"
"496",45586236,"Bipolar affective disorder, current episode severe depression with psychotic symptoms","N","Non-Standard","V","Valid","F31.5","Condition","ICD10","ICD10 code"
"497",45586237,"Other bipolar affective disorders","N","Non-Standard","V","Valid","F31.8","Condition","ICD10","ICD10 code"
"498",45591134,"Bipolar disorder, current episode manic without psychotic features, mild","N","Non-Standard","V","Valid","F31.11","Condition","ICD10CM","5-char billing code"
"499",45591135,"Bipolar disorder, current episode mixed, moderate","N","Non-Standard","V","Valid","F31.62","Condition","ICD10CM","5-char billing code"
"500",45591136,"Bipolar disorder, in full remission, most recent episode hypomanic","N","Non-Standard","V","Valid","F31.72","Condition","ICD10CM","5-char billing code"
"501",45595902,"Bipolar affective disorder","N","Non-Standard","V","Valid","F31","Condition","ICD10","ICD10 Hierarchy"
"502",45595903,"Bipolar disorder, in partial remission, most recent episode manic","N","Non-Standard","V","Valid","F31.73","Condition","ICD10CM","5-char billing code"
"503",45618865,"Bipolar Disorder","N","Non-Standard","V","Valid","D001714","Condition","MeSH","Main Heading"
